{
  "loss": 6.8068389892578125,
  "compile_metrics": 0.09139999747276306
}