{
  "loss": [
    7.1579437255859375,
    6.506379127502441,
    6.3759765625,
    6.243841171264648,
    6.153422832489014,
    6.077932834625244,
    6.0163960456848145,
    5.957645893096924,
    5.903186321258545,
    5.844977855682373,
    5.778629779815674,
    5.701287269592285,
    5.62111234664917,
    5.540165424346924,
    5.471029281616211
  ],
  "sparse_categorical_accuracy": [
    0.07204444706439972,
    0.07766667008399963,
    0.0843111127614975,
    0.09991110861301422,
    0.11088889092206955,
    0.11659999936819077,
    0.12093333154916763,
    0.1232222244143486,
    0.1280222237110138,
    0.13362222909927368,
    0.14091111719608307,
    0.14920000731945038,
    0.15475556254386902,
    0.15693333745002747,
    0.1597999930381775
  ],
  "sparse_top_k_categorical_accuracy": [
    0.22991110384464264,
    0.2363777756690979,
    0.24255555868148804,
    0.25573334097862244,
    0.2625555694103241,
    0.26822221279144287,
    0.2727110981941223,
    0.27531111240386963,
    0.27799999713897705,
    0.28211110830307007,
    0.28628888726234436,
    0.29420000314712524,
    0.3009110987186432,
    0.3057999908924103,
    0.31113332509994507
  ],
  "val_loss": [
    6.8068389892578125,
    6.813613414764404,
    6.80989933013916,
    6.852074146270752,
    6.885720252990723,
    6.927247047424316,
    6.958675861358643,
    7.04276180267334,
    7.081096172332764,
    7.149501800537109,
    7.204104900360107,
    7.238289833068848,
    7.31415319442749,
    7.360441207885742,
    7.457581996917725
  ],
  "val_sparse_categorical_accuracy": [
    0.09139999747276306,
    0.10320000350475311,
    0.11659999936819077,
    0.12319999933242798,
    0.12060000002384186,
    0.12319999933242798,
    0.12540000677108765,
    0.12520000338554382,
    0.12700000405311584,
    0.12800000607967377,
    0.12680000066757202,
    0.12780000269412994,
    0.12919999659061432,
    0.1340000033378601,
    0.1298000067472458
  ],
  "val_sparse_top_k_categorical_accuracy": [
    0.25839999318122864,
    0.26080000400543213,
    0.2694000005722046,
    0.2754000127315521,
    0.2759999930858612,
    0.2741999924182892,
    0.27379998564720154,
    0.2734000086784363,
    0.27000001072883606,
    0.26739999651908875,
    0.2680000066757202,
    0.2703999876976013,
    0.2741999924182892,
    0.272599995136261,
    0.2741999924182892
  ]
}